insert into adotame.user (id_user, name, email, phone) values (619377353, 'Lionello Tabary', 'ltabary0@fotki.com', 7567654245);
insert into adotame.user (id_user, name, email, phone) values (510783064, 'Ulberto Pensom', 'upensom1@issuu.com', 3238666114);
insert into adotame.user (id_user, name, email, phone) values (810301018, 'Gracia Gerge', 'ggerge2@wunderground.com', 3463087754);
insert into adotame.user (id_user, name, email, phone) values (716320109, 'Osbourne Small', 'osmall3@hibu.com', 8213942745);
insert into adotame.user (id_user, name, email, phone) values (163484630, 'Galven Colls', 'gcolls4@cnn.com', 5102041460);
insert into adotame.user (id_user, name, email, phone) values (465933300, 'Sauveur Gras', 'sgras5@webmd.com', 6199885958);
insert into adotame.user (id_user, name, email, phone) values (780209519, 'Jaine Spridgen', 'jspridgen6@netscape.com', 4225361317);
insert into adotame.user (id_user, name, email, phone) values (115944568, 'Hilario Crake', 'hcrake7@pbs.org', 2208319739);
insert into adotame.user (id_user, name, email, phone) values (585875531, 'Crosby Perrottet', 'cperrottet8@house.gov', 9169688671);
insert into adotame.user (id_user, name, email, phone) values (654177176, 'Morgun Plumbe', 'mplumbe9@miitbeian.gov.cn', 6239709072);
insert into adotame.user (id_user, name, email, phone) values (738726354, 'Odele Rawsthorne', 'orawsthornea@live.com', 8581491867);
insert into adotame.user (id_user, name, email, phone) values (552010946, 'Aimil Annell', 'aannellb@comcast.net', 5531893002);
insert into adotame.user (id_user, name, email, phone) values (550534669, 'Brnaby Wycliff', 'bwycliffc@theguardian.com', 7499522979);
insert into adotame.user (id_user, name, email, phone) values (874677383, 'Simone Gorler', 'sgorlerd@mlb.com', 8399184878);
insert into adotame.user (id_user, name, email, phone) values (379916189, 'Kristofor Bayless', 'kbaylesse@amazon.de', 3912055198);
insert into adotame.user (id_user, name, email, phone) values (535265039, 'Kelley Clawley', 'kclawleyf@dedecms.com', 2745147598);
insert into adotame.user (id_user, name, email, phone) values (176073914, 'Jermaine Garrish', 'jgarrishg@timesonline.co.uk', 2665395015);
insert into adotame.user (id_user, name, email, phone) values (793510980, 'Gusty Tapley', 'gtapleyh@yahoo.co.jp', 7122458257);
insert into adotame.user (id_user, name, email, phone) values (786266913, 'Svend Lebell', 'slebelli@soup.io', 8999820402);
insert into adotame.user (id_user, name, email, phone) values (420418446, 'Jacquelin Lamble', 'jlamblej@imdb.com', 6524734797);
insert into adotame.user (id_user, name, email, phone) values (683431108, 'Gualterio Jedrzaszkiewicz', 'gjedrzaszkiewiczk@mit.edu', 1067573208);
insert into adotame.user (id_user, name, email, phone) values (544620158, 'Sammy Caseley', 'scaseleyl@paginegialle.it', 4744807489);
insert into adotame.user (id_user, name, email, phone) values (215422477, 'Ophelia Radke', 'oradkem@wired.com', 7627957228);
insert into adotame.user (id_user, name, email, phone) values (569586915, 'Serene Brimson', 'sbrimsonn@msu.edu', 9788757130);
insert into adotame.user (id_user, name, email, phone) values (352385828, 'Giuseppe Moules', 'gmouleso@wikimedia.org', 7761707313);



insert into adotame.login (id_login, username, password, id_user) values (433858257, 'admin',  'admin123',     619377353);
insert into adotame.login (id_login, username, password, id_user) values (485957674, 'Pal',        'VWQyiSFtsQ',     510783064);
insert into adotame.login (id_login, username, password, id_user) values (321358111, 'Angele',     'JkhLLgd90',     810301018);
insert into adotame.login (id_login, username, password, id_user) values (734856139, 'Da',         '0HvBvaGRUQBX',     716320109);
insert into adotame.login (id_login, username, password, id_user) values (726128391, 'Marie-josa', '2b09LF6wcmZC',     163484630);
insert into adotame.login (id_login, username, password, id_user) values (450987660, 'Du',         'cmRaIaIQYvy',     465933300);
insert into adotame.login (id_login, username, password, id_user) values (299258053, 'Clementine', 'WUYnOSmYvd',     780209519);
insert into adotame.login (id_login, username, password, id_user) values (506684772, 'Ku',         'Q39CN3iN',     115944568);
insert into adotame.login (id_login, username, password, id_user) values (753290639, 'Sélune',     'PTl0vsgNcuy',     585875531);
insert into adotame.login (id_login, username, password, id_user) values (772796895, 'Marlune',    'HqhF6p',     654177176);
insert into adotame.login (id_login, username, password, id_user) values (601908553, 'Clelia',     '4cormqt',     738726354);
insert into adotame.login (id_login, username, password, id_user) values (605172621, 'Gosta',      'vmwvIq',     552010946);
insert into adotame.login (id_login, username, password, id_user) values (384502273, 'Aimee',      'av8C6Q1Onf',     550534669);
insert into adotame.login (id_login, username, password, id_user) values (738056047, 'Noemie',     'v63Eba1',     874677383);
insert into adotame.login (id_login, username, password, id_user) values (198012798, 'Faites',     'EzLQiOab32',     379916189);
insert into adotame.login (id_login, username, password, id_user) values (243299669, 'Renee',      '0wP6It0vw',     535265039);
insert into adotame.login (id_login, username, password, id_user) values (620307775, 'osten',      'SwdWqEhkYtUN',     176073914);
insert into adotame.login (id_login, username, password, id_user) values (322504142, 'Renee',      '4GBk1GZWs',     793510980);
insert into adotame.login (id_login, username, password, id_user) values (718955095, 'You',        'cABPUoGxkT',     786266913);
insert into adotame.login (id_login, username, password, id_user) values (730922727, 'Berenice',   '5n2SfJc',     420418446);
insert into adotame.login (id_login, username, password, id_user) values (315549149, 'Aurelie',    'CCHPRDxtiAKk',     683431108);
insert into adotame.login (id_login, username, password, id_user) values (310630937, 'Creez',      'vsixQfze',     544620158);
insert into adotame.login (id_login, username, password, id_user) values (884851597, 'Leone',      'OE9QSiZwZc',     215422477);
insert into adotame.login (id_login, username, password, id_user) values (761301482, 'Maite',      '3CL2bd',     569586915);
insert into adotame.login (id_login, username, password, id_user) values (818996966, 'Ai',         'ByBwqdqd',     352385828);



insert into adotame.profile (id_profile, name, id_login) values (669345802, 'Marie-noel',    433858257);
insert into adotame.profile (id_profile, name, id_login) values (235967054, 'Andre',         485957674);
insert into adotame.profile (id_profile, name, id_login) values (562028564, 'Josee',         321358111);
insert into adotame.profile (id_profile, name, id_login) values (759620901, 'Wa',            734856139);
insert into adotame.profile (id_profile, name, id_login) values (870019093, 'Gaia',          726128391);
insert into adotame.profile (id_profile, name, id_login) values (385580052, 'Ake',           450987660);
insert into adotame.profile (id_profile, name, id_login) values (819309827, 'Ophelie',       299258053);
insert into adotame.profile (id_profile, name, id_login) values (175967933, 'Osten',         506684772);
insert into adotame.profile (id_profile, name, id_login) values (530452682, 'Laurelie',      753290639);
insert into adotame.profile (id_profile, name, id_login) values (184608071, 'You',           772796895);
insert into adotame.profile (id_profile, name, id_login) values (362739602, 'Cloe',          601908553);
insert into adotame.profile (id_profile, name, id_login) values (168030903, 'Maelyss',       605172621);
insert into adotame.profile (id_profile, name, id_login) values (758182314, 'Esteve',        384502273);
insert into adotame.profile (id_profile, name, id_login) values (542117546, 'Garcon',        738056047);
insert into adotame.profile (id_profile, name, id_login) values (596636445, 'Ye',            198012798);
insert into adotame.profile (id_profile, name, id_login) values (609053187, 'Erwei',         243299669);
insert into adotame.profile (id_profile, name, id_login) values (422480856, 'Maiwenn',       620307775);
insert into adotame.profile (id_profile, name, id_login) values (260178731, 'Gaetane',       322504142);
insert into adotame.profile (id_profile, name, id_login) values (803651498, 'Andree',        718955095);
insert into adotame.profile (id_profile, name, id_login) values (854869112, 'Gaelle',        730922727);
insert into adotame.profile (id_profile, name, id_login) values (714311365, 'Personnalisee', 315549149);
insert into adotame.profile (id_profile, name, id_login) values (455018609, 'Dafnee',        310630937);
insert into adotame.profile (id_profile, name, id_login) values (660885267, 'Felicie',       884851597);
insert into adotame.profile (id_profile, name, id_login) values (213749925, 'Cecile',        761301482);
insert into adotame.profile (id_profile, name, id_login) values (405362140, 'Garcon',        818996966);



insert into adotame.login_profile (id_login, id_profile) values (433858257, 669345802);
insert into adotame.login_profile (id_login, id_profile) values (485957674, 235967054);
insert into adotame.login_profile (id_login, id_profile) values (321358111, 562028564);
insert into adotame.login_profile (id_login, id_profile) values (734856139, 759620901);
insert into adotame.login_profile (id_login, id_profile) values (726128391, 870019093);
insert into adotame.login_profile (id_login, id_profile) values (450987660, 385580052);
insert into adotame.login_profile (id_login, id_profile) values (299258053, 819309827);
insert into adotame.login_profile (id_login, id_profile) values (506684772, 175967933);
insert into adotame.login_profile (id_login, id_profile) values (753290639, 530452682);
insert into adotame.login_profile (id_login, id_profile) values (772796895, 184608071);
insert into adotame.login_profile (id_login, id_profile) values (601908553, 362739602);
insert into adotame.login_profile (id_login, id_profile) values (605172621, 168030903);
insert into adotame.login_profile (id_login, id_profile) values (384502273, 758182314);
insert into adotame.login_profile (id_login, id_profile) values (738056047, 542117546);
insert into adotame.login_profile (id_login, id_profile) values (198012798, 596636445);
insert into adotame.login_profile (id_login, id_profile) values (243299669, 609053187);
insert into adotame.login_profile (id_login, id_profile) values (620307775, 422480856);
insert into adotame.login_profile (id_login, id_profile) values (322504142, 260178731);
insert into adotame.login_profile (id_login, id_profile) values (718955095, 803651498);
insert into adotame.login_profile (id_login, id_profile) values (730922727, 854869112);
insert into adotame.login_profile (id_login, id_profile) values (315549149, 714311365);
insert into adotame.login_profile (id_login, id_profile) values (310630937, 455018609);
insert into adotame.login_profile (id_login, id_profile) values (884851597, 660885267);
insert into adotame.login_profile (id_login, id_profile) values (761301482, 213749925);
insert into adotame.login_profile (id_login, id_profile) values (818996966, 405362140);



insert into adotame.permission (id_permission, name) values (789655222, 'Utilizador');
insert into adotame.permission (id_permission, name) values (578294555, 'Gestor');



insert into adotame.profile_permission (id_permission, id_profile) values (578294555, 669345802);
insert into adotame.profile_permission (id_permission, id_profile) values (789655222, 235967054);
insert into adotame.profile_permission (id_permission, id_profile) values (789655222, 562028564);
insert into adotame.profile_permission (id_permission, id_profile) values (789655222, 759620901);
insert into adotame.profile_permission (id_permission, id_profile) values (789655222, 870019093);
insert into adotame.profile_permission (id_permission, id_profile) values (789655222, 385580052);
insert into adotame.profile_permission (id_permission, id_profile) values (789655222, 819309827);
insert into adotame.profile_permission (id_permission, id_profile) values (789655222, 175967933);
insert into adotame.profile_permission (id_permission, id_profile) values (789655222, 530452682);
insert into adotame.profile_permission (id_permission, id_profile) values (789655222, 184608071);
insert into adotame.profile_permission (id_permission, id_profile) values (789655222, 362739602);
insert into adotame.profile_permission (id_permission, id_profile) values (789655222, 168030903);
insert into adotame.profile_permission (id_permission, id_profile) values (789655222, 758182314);
insert into adotame.profile_permission (id_permission, id_profile) values (789655222, 542117546);
insert into adotame.profile_permission (id_permission, id_profile) values (789655222, 596636445);
insert into adotame.profile_permission (id_permission, id_profile) values (789655222, 609053187);
insert into adotame.profile_permission (id_permission, id_profile) values (789655222, 422480856);
insert into adotame.profile_permission (id_permission, id_profile) values (789655222, 260178731);
insert into adotame.profile_permission (id_permission, id_profile) values (789655222, 803651498);
insert into adotame.profile_permission (id_permission, id_profile) values (789655222, 854869112);
insert into adotame.profile_permission (id_permission, id_profile) values (789655222, 714311365);
insert into adotame.profile_permission (id_permission, id_profile) values (789655222, 455018609);
insert into adotame.profile_permission (id_permission, id_profile) values (789655222, 660885267);
insert into adotame.profile_permission (id_permission, id_profile) values (789655222, 213749925);
insert into adotame.profile_permission (id_permission, id_profile) values (789655222, 405362140);



insert into adotame.catalog (id_catalog, name) values (111001111, 'Adotar_Apadrinhar');
insert into adotame.catalog (id_catalog, name) values (111000000, 'Desaparecidos');



insert into adotame.animal (id_animal, name, type, photo, gender, age, size, fur, breed, color, vaccines, portion, state, cares) values (740303033, 'Capuchin',     'dog',      'https://images.dog.ceo/breeds/finnish-lapphund/mochilamvan.jpg', 'Male',       12,     'small',          'straight', 'Bulldog',           'Green',     'nao tem',  'pedigree', 'very good', 'change water erery day');
insert into adotame.animal (id_animal, name, type, photo, gender, age, size, fur, breed, color, vaccines, portion, state, cares) values (299952364, 'Bushpig',      'dog',      'https://images.dog.ceo/breeds/finnish-lapphund/mochilamvan.jpg', 'Female',     13,     'big',            'straight', 'Bulldog',           'Goldenrod', 'nao tem',  'pedigree', 'very good', 'change water erery day');
insert into adotame.animal (id_animal, name, type, photo, gender, age, size, fur, breed, color, vaccines, portion, state, cares) values (519868700, 'Eurasian',     'dog',      'https://images.dog.ceo/breeds/finnish-lapphund/mochilamvan.jpg', 'Male',       5,      'medium',         'straight', 'Bulldog',           'Yellow',    'tem',      'pedigree', 'very good', 'change water erery day');
insert into adotame.animal (id_animal, name, type, photo, gender, age, size, fur, breed, color, vaccines, portion, state, cares) values (150772623, 'Mocking',      'dog',      'https://images.dog.ceo/breeds/finnish-lapphund/mochilamvan.jpg', 'Female',     14,     'small',          'straight', 'Retriever',         'Teal',      'nao tem',  'pedigree', 'good', 'change water erery day');
insert into adotame.animal (id_animal, name, type, photo, gender, age, size, fur, breed, color, vaccines, portion, state, cares) values (128156942, 'Roadrunner',   'dog',      'https://images.dog.ceo/breeds/finnish-lapphund/mochilamvan.jpg', 'Female',     7,      'small',          'straight', 'Retriever',         'Violet',    'tem',      'pedigree', 'good', 'change water erery day');
insert into adotame.animal (id_animal, name, type, photo, gender, age, size, fur, breed, color, vaccines, portion, state, cares) values (565274170, 'Red',          'dog',      'https://images.dog.ceo/breeds/finnish-lapphund/mochilamvan.jpg', 'Male',       10,     'extra small',    'straight', 'Retriever',         'Yellow',    'tem',      'pedigree', 'good', 'change water erery day');
insert into adotame.animal (id_animal, name, type, photo, gender, age, size, fur, breed, color, vaccines, portion, state, cares) values (745082137, 'Marshbird',    'dog',      'https://images.dog.ceo/breeds/finnish-lapphund/mochilamvan.jpg', 'Female',     1,      'extra small',    'straight', 'Retriever',         'Crimson',   'tem',      'pedigree', 'very good', 'change water erery day');
insert into adotame.animal (id_animal, name, type, photo, gender, age, size, fur, breed, color, vaccines, portion, state, cares) values (501946920, 'Bleu',         'dog',      'https://images.dog.ceo/breeds/finnish-lapphund/mochilamvan.jpg', 'Female',     7,      'extra small',    'straight', 'Chihuahua',         'Teal',      'tem',      'pedigree', 'very good', 'change water erery day');
insert into adotame.animal (id_animal, name, type, photo, gender, age, size, fur, breed, color, vaccines, portion, state, cares) values (817870295, 'Hawk',         'dog',      'https://images.dog.ceo/breeds/finnish-lapphund/mochilamvan.jpg', 'Male',       19,     'medium',         'straight', 'Chihuahua',         'Green',     'tem',      'pedigree', 'bad', 'change water erery day');
insert into adotame.animal (id_animal, name, type, photo, gender, age, size, fur, breed, color, vaccines, portion, state, cares) values (728968928, 'Antelope',     'dog',      'https://images.dog.ceo/breeds/finnish-lapphund/mochilamvan.jpg', 'Male',       20,     'small',          'straight', 'Chihuahua',         'Turquoise', 'tem',      'pedigree', 'bad', 'cuddles water erery day');
insert into adotame.animal (id_animal, name, type, photo, gender, age, size, fur, breed, color, vaccines, portion, state, cares) values (866744440, 'Violet',       'dog',      'https://images.dog.ceo/breeds/finnish-lapphund/mochilamvan.jpg', 'Female',     19,     'small',          'straight', 'Chihuahua',         'Indigo',    'nao tem',  'pedigree', 'bad', 'cuddles water erery day');
insert into adotame.animal (id_animal, name, type, photo, gender, age, size, fur, breed, color, vaccines, portion, state, cares) values (668394110, 'Eastern',      'dog',      'https://images.dog.ceo/breeds/finnish-lapphund/mochilamvan.jpg', 'Male',       20,     'big',            'straight', 'Chihuahua',         'Violet',    'nao tem',  'pedigree', 'bad', 'cuddles water erery day');
insert into adotame.animal (id_animal, name, type, photo, gender, age, size, fur, breed, color, vaccines, portion, state, cares) values (167335450, 'Emerald',      'dog',      'https://images.dog.ceo/breeds/finnish-lapphund/mochilamvan.jpg', 'Female',     15,     'medium',         'straight', 'Boxer',             'Maroon',    'nao tem',  'pedigree', 'good', 'cuddles water erery day');
insert into adotame.animal (id_animal, name, type, photo, gender, age, size, fur, breed, color, vaccines, portion, state, cares) values (559955868, 'American',     'dog',      'https://images.dog.ceo/breeds/finnish-lapphund/mochilamvan.jpg', 'Male',       3,      'big',            'straight', 'Boxer',             'Goldenrod', 'nao tem',  'pedigree', 'very good', 'cuddles water erery day');
insert into adotame.animal (id_animal, name, type, photo, gender, age, size, fur, breed, color, vaccines, portion, state, cares) values (714229732, 'Tinamou',      'cat',      'https://cdn2.thecatapi.com/images/veagoQhHi.jpg',                'Male',       14,     'extra big',      'straight', 'British-Shorthair', 'Blue',      'nao tem',  'whiskas',  'very good', 'cuddles water erery day');
insert into adotame.animal (id_animal, name, type, photo, gender, age, size, fur, breed, color, vaccines, portion, state, cares) values (405506581, 'Greater',      'cat',      'https://cdn2.thecatapi.com/images/veagoQhHi.jpg',                'Male',       5,      'medium',         'straight', 'British-Shorthair', 'Indigo',    'nao tem',  'whiskas',  'very good', 'cuddles water erery day');
insert into adotame.animal (id_animal, name, type, photo, gender, age, size, fur, breed, color, vaccines, portion, state, cares) values (687713514, 'Turkey',       'cat',      'https://cdn2.thecatapi.com/images/veagoQhHi.jpg',                'Female',     7,      'extra big',      'straight', 'British-Shorthair', 'Fuscia',    'tem',      'whiskas',  'good', 'Technetium Tc-99m Generator');
insert into adotame.animal (id_animal, name, type, photo, gender, age, size, fur, breed, color, vaccines, portion, state, cares) values (716591612, 'Koala',        'cat',      'https://cdn2.thecatapi.com/images/veagoQhHi.jpg',                'Female',     4,      'small',          'straight', 'British-Shorthair', 'Blue',      'nao tem',  'whiskas',  'good', 'cuddles water erery day');
insert into adotame.animal (id_animal, name, type, photo, gender, age, size, fur, breed, color, vaccines, portion, state, cares) values (417394643, 'Indian',       'cat',      'https://cdn2.thecatapi.com/images/veagoQhHi.jpg',                'Male',       9,      'big',            'straight', 'British-Shorthair', 'Turquoise', 'tem',      'whiskas',  'bad', 'cuddles water erery day');
insert into adotame.animal (id_animal, name, type, photo, gender, age, size, fur, breed, color, vaccines, portion, state, cares) values (756920722, 'Openbill',     'cat',      'https://cdn2.thecatapi.com/images/veagoQhHi.jpg',                'Male',       6,      'medium',         'straight', 'British-Shorthair', 'Indigo',    'tem',      'whiskas',  'very good', 'cuddles water erery day');
insert into adotame.animal (id_animal, name, type, photo, gender, age, size, fur, breed, color, vaccines, portion, state, cares) values (602732526, 'African',      'cat',      'https://cdn2.thecatapi.com/images/veagoQhHi.jpg',                'Female',     13,     'small',          'straight', 'British-Shorthair', 'Khaki',     'nao tem',  'whiskas',  'good', 'walk for pee');
insert into adotame.animal (id_animal, name, type, photo, gender, age, size, fur, breed, color, vaccines, portion, state, cares) values (489911853, 'Wallaby',      'cat',      'https://cdn2.thecatapi.com/images/veagoQhHi.jpg',                'Female',     20,     'extra small',    'straight', 'Bengal-cat',        'Maroon',    'nao tem',  'whiskas',  'bad', 'walk for pee');
insert into adotame.animal (id_animal, name, type, photo, gender, age, size, fur, breed, color, vaccines, portion, state, cares) values (116638062, 'Polar',        'cat',      'https://cdn2.thecatapi.com/images/veagoQhHi.jpg',                'Male',       8,      'medium',         'straight', 'Bengal-cat',        'Pink',      'tem',      'whiskas',  'very good', 'walk for pee');
insert into adotame.animal (id_animal, name, type, photo, gender, age, size, fur, breed, color, vaccines, portion, state, cares) values (183718495, 'Rabbit',       'cat',      'https://cdn2.thecatapi.com/images/veagoQhHi.jpg',                'Female',     10,     'small',          'straight', 'Bengal-cat',        'Yellow',    'tem',      'whiskas',  'good', 'walk for pee');
insert into adotame.animal (id_animal, name, type, photo, gender, age, size, fur, breed, color, vaccines, portion, state, cares) values (621863704, 'Mountain',     'cat',      'https://cdn2.thecatapi.com/images/veagoQhHi.jpg',                'Male',       20,     'big',            'straight', 'Bengal-cat',        'Indigo',    'tem',      'whiskas',  'bad', 'walk for pee');



insert into adotame.catalog_animal (id_animal, id_catalog) values (740303033, 111001111);
insert into adotame.catalog_animal (id_animal, id_catalog) values (299952364, 111001111);
insert into adotame.catalog_animal (id_animal, id_catalog) values (519868700, 111001111);
insert into adotame.catalog_animal (id_animal, id_catalog) values (150772623, 111001111);
insert into adotame.catalog_animal (id_animal, id_catalog) values (128156942, 111001111);
insert into adotame.catalog_animal (id_animal, id_catalog) values (565274170, 111001111);
insert into adotame.catalog_animal (id_animal, id_catalog) values (745082137, 111001111);
insert into adotame.catalog_animal (id_animal, id_catalog) values (501946920, 111001111);
insert into adotame.catalog_animal (id_animal, id_catalog) values (817870295, 111001111);
insert into adotame.catalog_animal (id_animal, id_catalog) values (728968928, 111001111);
insert into adotame.catalog_animal (id_animal, id_catalog) values (866744440, 111001111);
insert into adotame.catalog_animal (id_animal, id_catalog) values (668394110, 111001111);
insert into adotame.catalog_animal (id_animal, id_catalog) values (167335450, 111001111);
insert into adotame.catalog_animal (id_animal, id_catalog) values (559955868, 111001111);
insert into adotame.catalog_animal (id_animal, id_catalog) values (714229732, 111001111);
insert into adotame.catalog_animal (id_animal, id_catalog) values (405506581, 111001111);
insert into adotame.catalog_animal (id_animal, id_catalog) values (687713514, 111000000);
insert into adotame.catalog_animal (id_animal, id_catalog) values (716591612, 111000000);
insert into adotame.catalog_animal (id_animal, id_catalog) values (417394643, 111000000);
insert into adotame.catalog_animal (id_animal, id_catalog) values (756920722, 111000000);
insert into adotame.catalog_animal (id_animal, id_catalog) values (602732526, 111000000);
insert into adotame.catalog_animal (id_animal, id_catalog) values (489911853, 111000000);
insert into adotame.catalog_animal (id_animal, id_catalog) values (116638062, 111000000);
insert into adotame.catalog_animal (id_animal, id_catalog) values (183718495, 111000000);
insert into adotame.catalog_animal (id_animal, id_catalog) values (621863704, 111000000);



insert into adotame.request_type (id_request_type, name) values (540964211, 'reportar');
insert into adotame.request_type (id_request_type, name) values (695988206, 'reportar');
insert into adotame.request_type (id_request_type, name) values (811430655, 'reportar');
insert into adotame.request_type (id_request_type, name) values (412685053, 'reportar');
insert into adotame.request_type (id_request_type, name) values (179374300, 'reportar');
insert into adotame.request_type (id_request_type, name) values (673928552, 'reportar');
insert into adotame.request_type (id_request_type, name) values (701676366, 'reportar');
insert into adotame.request_type (id_request_type, name) values (475765920, 'reportar');
insert into adotame.request_type (id_request_type, name) values (220960658, 'reportar');
insert into adotame.request_type (id_request_type, name) values (219061580, 'reportar');
insert into adotame.request_type (id_request_type, name) values (423830169, 'reportar');
insert into adotame.request_type (id_request_type, name) values (109211307, 'adicionar');
insert into adotame.request_type (id_request_type, name) values (355206495, 'adicionar');
insert into adotame.request_type (id_request_type, name) values (327240318, 'adicionar');
insert into adotame.request_type (id_request_type, name) values (557688889, 'adicionar');
insert into adotame.request_type (id_request_type, name) values (716277167, 'adicionar');
insert into adotame.request_type (id_request_type, name) values (316512071, 'adicionar');
insert into adotame.request_type (id_request_type, name) values (449717781, 'avistar');
insert into adotame.request_type (id_request_type, name) values (508117572, 'avistar');
insert into adotame.request_type (id_request_type, name) values (725406701, 'avistar');
insert into adotame.request_type (id_request_type, name) values (131300834, 'avistar');
insert into adotame.request_type (id_request_type, name) values (535449269, 'avistar');
insert into adotame.request_type (id_request_type, name) values (489280009, 'avistar');
insert into adotame.request_type (id_request_type, name) values (853293240, 'avistar');
insert into adotame.request_type (id_request_type, name) values (433212718, 'avistar');



insert into adotame.request (id_request, username, date_request, id_user, id_request_type) values (617881233, 'Lionello Tabary' ,'2019-10-01'          , 619377353, 540964211 );
insert into adotame.request (id_request, username, date_request, id_user, id_request_type) values (102081202, 'Ulberto Pensom' ,'2020-12-14'           , 510783064, 695988206 );
insert into adotame.request (id_request, username, date_request, id_user, id_request_type) values (436656596, 'Gracia Gerge' ,'2022-03-29'             , 810301018, 811430655 );
insert into adotame.request (id_request, username, date_request, id_user, id_request_type) values (306097080, 'Osbourne Small' ,'2021-07-15'           , 716320109, 412685053 );
insert into adotame.request (id_request, username, date_request, id_user, id_request_type) values (318923187, 'Galven Colls' ,'2022-04-04'             , 163484630, 179374300 );
insert into adotame.request (id_request, username, date_request, id_user, id_request_type) values (439468873, 'Sauveur Gras' ,'2020-03-12'             , 465933300, 673928552 );
insert into adotame.request (id_request, username, date_request, id_user, id_request_type) values (840934525, 'Jaine Spridgen' ,'2021-12-28'           , 780209519, 701676366 );
insert into adotame.request (id_request, username, date_request, id_user, id_request_type) values (759214842, 'Hilario Crake' ,'2022-06-21'            , 115944568, 475765920 );
insert into adotame.request (id_request, username, date_request, id_user, id_request_type) values (650908824, 'Crosby Perrottet' ,'2020-03-22'         , 585875531, 220960658 );
insert into adotame.request (id_request, username, date_request, id_user, id_request_type) values (424283282, 'Morgun Plumbe' ,'2019-08-01'            , 654177176, 219061580 );
insert into adotame.request (id_request, username, date_request, id_user, id_request_type) values (522801940, 'Odele Rawsthorne' ,'2022-06-21'         , 738726354, 423830169 );
insert into adotame.request (id_request, username, date_request, id_user, id_request_type) values (866607174, 'Aimil Annell' ,'2020-11-22'             , 552010946, 109211307 );
insert into adotame.request (id_request, username, date_request, id_user, id_request_type) values (254248436, 'Brnaby Wycliff' ,'2021-09-19'           , 550534669, 355206495 );
insert into adotame.request (id_request, username, date_request, id_user, id_request_type) values (467025913, 'Simone Gorler' ,'2019-09-03'            , 874677383, 327240318 );
insert into adotame.request (id_request, username, date_request, id_user, id_request_type) values (834871297, 'Kristofor Bayless' ,'2019-10-05'        , 379916189, 557688889 );
insert into adotame.request (id_request, username, date_request, id_user, id_request_type) values (492820673, 'Kelley Clawley' ,'2021-02-24'           , 535265039, 716277167 );
insert into adotame.request (id_request, username, date_request, id_user, id_request_type) values (236300122, 'Jermaine Garrish' ,'2020-12-09'         , 176073914, 316512071 );
insert into adotame.request (id_request, username, date_request, id_user, id_request_type) values (551867980, 'Gusty Tapley' ,'2020-10-08'             , 793510980, 449717781 );
insert into adotame.request (id_request, username, date_request, id_user, id_request_type) values (235564650, 'Svend Lebell' ,'2020-01-20'             , 786266913, 508117572 );
insert into adotame.request (id_request, username, date_request, id_user, id_request_type) values (547667571, 'Jacquelin Lamble' ,'2021-10-01'         , 420418446, 725406701 );
insert into adotame.request (id_request, username, date_request, id_user, id_request_type) values (113452091, 'Gualterio Jedrzaszkiewicz' ,'2022-03-09', 683431108, 131300834 );
insert into adotame.request (id_request, username, date_request, id_user, id_request_type) values (471090667, 'Sammy Caseley' ,'2020-10-21'            , 544620158, 535449269 );
insert into adotame.request (id_request, username, date_request, id_user, id_request_type) values (268090222, 'Ophelia Radke' ,'2020-05-25'            , 215422477, 489280009 );
insert into adotame.request (id_request, username, date_request, id_user, id_request_type) values (498561859, 'Serene Brimson' ,'2021-02-11'           , 569586915, 853293240 );
insert into adotame.request (id_request, username, date_request, id_user, id_request_type) values (841089706, 'Giuseppe Moules' ,'2021-08-07'          , 352385828, 433212718 );
